id,title,score,num_comments,author,created_utc,url,over_18,edited,spoiler,stickied
1i3n37a,data engineering? try dating engineering...,200,14,eternviking,2025-01-17 18:27:20,https://i.redd.it/64tgii24klde1.png,False,False,False,False
1i3jqy0,Book Review: Fundamentals of Data Engineering ,97,25,0sergio-hash,2025-01-17 16:07:13,https://www.reddit.com/r/dataengineering/comments/1i3jqy0/book_review_fundamentals_of_data_engineering/,False,False,False,False
1i3o0el,"They say ""don't build toy models with kaggle datasets"" scrape the data yourself
",47,38,01jasper,2025-01-17 19:06:31,https://www.reddit.com/r/dataengineering/comments/1i3o0el/they_say_dont_build_toy_models_with_kaggle/,False,False,False,False
1i3f2pe,Should Power BI be Detached from Fabric?,27,9,SQLGene,2025-01-17 12:17:22,https://www.sqlgene.com/2025/01/16/should-power-bi-be-detached-from-fabric/,False,False,False,False
1i3dvqc,How to Approach a Data Architecture Assessment?,19,6,Ok-Mix-2804,2025-01-17 11:00:00,https://www.reddit.com/r/dataengineering/comments/1i3dvqc/how_to_approach_a_data_architecture_assessment/,False,False,False,False
1i3pa1s,"Simple Python ETL job framework? Something that handles recording metrics, logging, and caching/stage restart. No orchestration needed.",12,17,QuackDebugger,2025-01-17 20:01:23,https://www.reddit.com/r/dataengineering/comments/1i3pa1s/simple_python_etl_job_framework_something_that/,False,False,False,False
1i419au,What keyboard do you use?,5,35,ivanovyordan,2025-01-18 06:10:35,https://www.reddit.com/r/dataengineering/comments/1i419au/what_keyboard_do_you_use/,False,False,False,False
1i3h048,Delta Live Tables opinions,7,4,blukitteh,2025-01-17 14:02:23,https://www.reddit.com/r/dataengineering/comments/1i3h048/delta_live_tables_opinions/,False,False,False,False
1i3rs4y,AI support bot RAG Pipeline in Dagster Tutorial,4,1,anoonan-dev,2025-01-17 21:52:18,https://youtu.be/MHwwKfCXwDA,False,False,False,False
1i3fzn0,Which filesystem do you use for external data drives?,3,2,iaseth,2025-01-17 13:10:13,https://www.reddit.com/r/dataengineering/comments/1i3fzn0/which_filesystem_do_you_use_for_external_data/,False,False,False,False
1i3y6bt,Moving from GRC to Data Engineering,3,8,suxatreddit1,2025-01-18 03:04:56,https://www.reddit.com/r/dataengineering/comments/1i3y6bt/moving_from_grc_to_data_engineering/,False,False,False,False
1i3ni9g,Airbyte on Docker and local CSV,3,0,kash80,2025-01-17 18:45:14,https://www.reddit.com/r/dataengineering/comments/1i3ni9g/airbyte_on_docker_and_local_csv/,False,False,False,False
1i43q2y,If i want to learn data engineering in 2025 from scrap what would be your suggestions?,5,7,Mdwaseel,2025-01-18 09:09:34,https://www.reddit.com/r/dataengineering/comments/1i43q2y/if_i_want_to_learn_data_engineering_in_2025_from/,False,False,False,False
1i3qi87,Need help with proper terminology around different ways to display a percentage,3,4,Financial-Tailor-842,2025-01-17 20:55:34,https://www.reddit.com/r/dataengineering/comments/1i3qi87/need_help_with_proper_terminology_around/,False,False,False,False
1i3k6f9,DP-203 Cert vs new DP-700 certification for new Data Engineer?,3,1,Drrazor,2025-01-17 16:25:39,https://www.reddit.com/r/dataengineering/comments/1i3k6f9/dp203_cert_vs_new_dp700_certification_for_new/,False,False,False,False
1i3hmeq,Inner ADF pipeline return value expression is not evaluated ,2,1,unnamed_scholar,2025-01-17 14:32:25,https://www.reddit.com/r/dataengineering/comments/1i3hmeq/inner_adf_pipeline_return_value_expression_is_not/,False,False,False,False
1i42m1k,Mongo-analyser,2,3,No_Pomegranate7508,2025-01-18 07:46:09,https://www.reddit.com/r/dataengineering/comments/1i42m1k/mongoanalyser/,False,False,False,False
1i41neh,Does Debezium cap out at 6k ops?,2,2,carter-sequin,2025-01-18 06:37:29,https://www.reddit.com/r/dataengineering/comments/1i41neh/does_debezium_cap_out_at_6k_ops/,False,False,False,False
1i3sr2y,FCMSA or Safer API ,2,1,Ok_Young9122,2025-01-17 22:35:03,https://www.reddit.com/r/dataengineering/comments/1i3sr2y/fcmsa_or_safer_api/,False,False,False,False
1i3q4sn,I have mixed data types in my JSON source data (strings alongside numbers) which is causing HIVE errors when querying in Athena. Not sure best practices on how to address it,2,1,sumant28,2025-01-17 20:38:50,https://www.reddit.com/r/dataengineering/comments/1i3q4sn/i_have_mixed_data_types_in_my_json_source_data/,False,False,False,False
1i3o76i,Schema for transform/logging,2,0,Total_Love2017,2025-01-17 19:14:47,https://www.reddit.com/r/dataengineering/comments/1i3o76i/schema_for_transformlogging/,False,False,False,False
1i3hg6u,Maximizing Your Dataâ€™s Value with the Activity Schema Data Model ðŸš€,3,0,Exact-Lime-4786,2025-01-17 14:24:13,https://www.reddit.com/r/dataengineering/comments/1i3hg6u/maximizing_your_datas_value_with_the_activity/,False,False,False,False
1i41cy7,Where do I start?,1,2,Emotional-Cry-9983,2025-01-18 06:17:27,https://www.reddit.com/r/dataengineering/comments/1i41cy7/where_do_i_start/,False,False,False,False
1i3o1t6,Schema Issues When Loading Data from MongoDB to BigQuery Using Airbyte,1,1,Expensive_Tie1253,2025-01-17 19:08:17,https://www.reddit.com/r/dataengineering/comments/1i3o1t6/schema_issues_when_loading_data_from_mongodb_to/,False,False,False,False
1i3ikds,File intake - any service out there?,1,2,Secret_Designer6705,2025-01-17 15:15:32,https://www.reddit.com/r/dataengineering/comments/1i3ikds/file_intake_any_service_out_there/,False,False,False,False
1i3jfoy,What to study?,0,2,throwaway25168426,2025-01-17 15:54:04,https://www.reddit.com/r/dataengineering/comments/1i3jfoy/what_to_study/,False,False,False,False
1i3d5c0,Need Input for Planning a Tech/Engineering Conference â€“ Quick Survey!,0,0,Outrageous_Pudding15,2025-01-17 10:06:26,https://www.reddit.com/r/dataengineering/comments/1i3d5c0/need_input_for_planning_a_techengineering/,False,False,False,False
1i3lpiw,Need some guidance ,0,7,Ordinary_Web_3580,2025-01-17 17:29:19,https://www.reddit.com/r/dataengineering/comments/1i3lpiw/need_some_guidance/,False,False,False,False
1i3l9jf,Am I qualified enough to ask for a Full time?,0,4,NefariousnessSea5101,2025-01-17 17:10:38,https://www.reddit.com/r/dataengineering/comments/1i3l9jf/am_i_qualified_enough_to_ask_for_a_full_time/,False,False,False,False
1i3gtfe,What do u think the future tech roles look like?,0,24,NefariousnessSea5101,2025-01-17 13:53:16,https://www.reddit.com/r/dataengineering/comments/1i3gtfe/what_do_u_think_the_future_tech_roles_look_like/,False,False,False,False
1i3p2ie,Iâ€™m looking to change my life around. Is there anyone here that purely self taught coding and did a couple of courses and then got an entry into software dev/coding jobs? Even data analyst jobs? ,0,10,CaptainPrice65,2025-01-17 19:52:25,https://www.reddit.com/r/dataengineering/comments/1i3p2ie/im_looking_to_change_my_life_around_is_there/,False,False,False,False
